{
  "per_task_f1": {
    "rte": 0.3443419135502671,
    "cb": 0.2385663082437276,
    "boolq": 0.4986666666666667
  },
  "macro_f1": 0.36052496282022045
}