{
  "PM@mask0.40": {
    "bpc_mean": 1.2978015868526278,
    "bpc_std": 0.021106993332557573,
    "bpt_mean": 11.342797571706676,
    "bpt_std": 0.21801097892074064,
    "charF_mean": 0.6311747617174629,
    "charF_std": 0.10360456097599023,
    "chrf_mean": 0.4533851710011804,
    "chrf_std": 0.05324240926994298,
    "bertscore_f1_mean": 0.8522596929662972,
    "bertscore_f1_std": 0.012553415326224488,
    "sem_span_fid_mean": 0.5895242145497311,
    "sem_span_fid_std": 0.05566691766676883,
    "cpu_decode_ms_mean": 53.76850311991502,
    "cpu_decode_ms_std": 3.0519954453987417,
    "num_runs": 6
  },
  "PM@mask0.20": {
    "bpc_mean": 0.8631450854582665,
    "bpc_std": 0.002244145774984198,
    "bpt_mean": 13.444961356853312,
    "bpt_std": 0.3003150840125556,
    "charF_mean": 0.46106064695340176,
    "charF_std": 0.01528177594539491,
    "chrf_mean": NaN,
    "chrf_std": NaN,
    "bertscore_f1_mean": NaN,
    "bertscore_f1_std": NaN,
    "sem_span_fid_mean": NaN,
    "sem_span_fid_std": NaN,
    "cpu_decode_ms_mean": 31.528878708992476,
    "cpu_decode_ms_std": 1.717226727409693,
    "num_runs": 3
  },
  "PM@mask0.60": {
    "bpc_mean": 1.5271346129026309,
    "bpc_std": 0.012394595375479482,
    "bpt_mean": 9.082366755431567,
    "bpt_std": 0.12695294756919476,
    "charF_mean": 0.8904583978309594,
    "charF_std": 0.019115858420711236,
    "chrf_mean": NaN,
    "chrf_std": NaN,
    "bertscore_f1_mean": NaN,
    "bertscore_f1_std": NaN,
    "sem_span_fid_mean": NaN,
    "sem_span_fid_std": NaN,
    "cpu_decode_ms_mean": 80.23586394998496,
    "cpu_decode_ms_std": 1.8733724425278684,
    "num_runs": 3
  },
  "PM@mask0.80": {
    "bpc_mean": 1.5407341851503586,
    "bpc_std": 0.03389283006639208,
    "bpt_mean": 7.044160426622585,
    "bpt_std": 0.20592505114390294,
    "charF_mean": 0.9683333664465897,
    "charF_std": 0.007922219471481712,
    "chrf_mean": NaN,
    "chrf_std": NaN,
    "bertscore_f1_mean": NaN,
    "bertscore_f1_std": NaN,
    "sem_span_fid_mean": NaN,
    "sem_span_fid_std": NaN,
    "cpu_decode_ms_mean": 122.23028522328018,
    "cpu_decode_ms_std": 29.61114998796581,
    "num_runs": 3
  },
  "VQ@K1024": {
    "bpc_mean": 0.1017672101256541,
    "bpc_std": 0.10726623491587908,
    "bpt_mean": 0.4569278480826609,
    "bpt_std": 0.4816180951754944,
    "charF_mean": 0.20488129518198206,
    "charF_std": 0.057463486089202896,
    "chrf_mean": NaN,
    "chrf_std": NaN,
    "bertscore_f1_mean": NaN,
    "bertscore_f1_std": NaN,
    "sem_span_fid_mean": NaN,
    "sem_span_fid_std": NaN,
    "cpu_decode_ms_mean": NaN,
    "cpu_decode_ms_std": NaN,
    "num_runs": 3
  },
  "VQ@K2048": {
    "bpc_mean": 0.0820998980298316,
    "bpc_std": 0.06563804760793236,
    "bpt_mean": 0.368622955156753,
    "bpt_std": 0.29471036701122316,
    "charF_mean": 0.21063056049508858,
    "charF_std": 0.050253090987378755,
    "chrf_mean": NaN,
    "chrf_std": NaN,
    "bertscore_f1_mean": NaN,
    "bertscore_f1_std": NaN,
    "sem_span_fid_mean": NaN,
    "sem_span_fid_std": NaN,
    "cpu_decode_ms_mean": NaN,
    "cpu_decode_ms_std": NaN,
    "num_runs": 3
  },
  "VQ@K256": {
    "bpc_mean": 0.07007757599168209,
    "bpc_std": 0.07910453109747415,
    "bpt_mean": 0.31535504972771594,
    "bpt_std": 0.3544752508539834,
    "charF_mean": 0.24178139499645754,
    "charF_std": 0.020614271747409773,
    "chrf_mean": 0.0009897070467141725,
    "chrf_std": 0.0,
    "bertscore_f1_mean": 0.7446431517601013,
    "bertscore_f1_std": 0.0,
    "sem_span_fid_mean": 0.083583984375,
    "sem_span_fid_std": 0.0,
    "cpu_decode_ms_mean": 6.330645643174648,
    "cpu_decode_ms_std": 0.0,
    "num_runs": 3
  },
  "VQ@K512": {
    "bpc_mean": 0.07030649428306897,
    "bpc_std": 0.07298130501920305,
    "bpt_mean": 0.3156713748891535,
    "bpt_std": 0.3276810930702953,
    "charF_mean": 0.23968284278735763,
    "charF_std": 0.005110897986158817,
    "chrf_mean": NaN,
    "chrf_std": NaN,
    "bertscore_f1_mean": NaN,
    "bertscore_f1_std": NaN,
    "sem_span_fid_mean": NaN,
    "sem_span_fid_std": NaN,
    "cpu_decode_ms_mean": NaN,
    "cpu_decode_ms_std": NaN,
    "num_runs": 3
  }
}

