{
  "storage": {
    "Qwen/Qwen2-0.5B-Instruct": {
      "stored_frac": 0.36,
      "loss": 0.64,
      "N": 100,
      "stored_ci95": [
        0.2727122040140433,
        0.4576459754839126
      ],
      "oracle_params": {
        "method": "mc_oracle",
        "chains": 8,
        "max_new_tokens": 64,
        "temperature": 0.9,
        "top_p": 0.95
      }
    },
    "Qwen/Qwen2-1.5B-Instruct": {
      "stored_frac": 0.39,
      "loss": 0.61,
      "N": 100,
      "stored_ci95": [
        0.3001687400639441,
        0.4879698295415926
      ],
      "oracle_params": {
        "method": "mc_oracle",
        "chains": 8,
        "max_new_tokens": 64,
        "temperature": 0.9,
        "top_p": 0.95
      }
    },
    "Qwen/Qwen2-7B-Instruct": {
      "stored_frac": 0.42999999999999994,
      "loss": 0.5700000000000001,
      "N": 100,
      "stored_ci95": [
        0.33733298524110106,
        0.5278461045078768
      ],
      "oracle_params": {
        "method": "mc_oracle",
        "chains": 8,
        "max_new_tokens": 64,
        "temperature": 0.9,
        "top_p": 0.95
      }
    }
  },
  "retrieval": {
    "Qwen/Qwen2-0.5B-Instruct": {
      "gamma1": {
        "success_frac": 0.35,
        "success_ci95": [
          0.26364248243097527,
          0.44745556703112027
        ],
        "success_frac_cond_stored": 0.8888888888888888,
        "success_ci95_cond_stored": [
          0.7468519140963513,
          0.9559335969968435
        ],
        "stored_N": 36,
        "total_loss": 0.65,
        "retrieval_loss": 0.010000000000000009,
        "storage_loss": 0.64,
        "N": 100
      },
      "gamma2": {
        "success_frac": 0.42999999999999994,
        "success_ci95": [
          0.33733298524110106,
          0.5278461045078768
        ],
        "success_frac_cond_stored": 1.0,
        "success_ci95_cond_stored": [
          0.9035813714055363,
          1.0
        ],
        "stored_N": 36,
        "total_loss": 0.5700000000000001,
        "retrieval_loss": 0.0,
        "storage_loss": 0.64,
        "N": 100
      },
      "gamma3": {
        "success_frac": 0.33000000000000007,
        "success_ci95": [
          0.24563122734128034,
          0.4269465620490947
        ],
        "success_frac_cond_stored": 0.8611111111111112,
        "success_ci95_cond_stored": [
          0.713404696106438,
          0.9391818499086717
        ],
        "stored_N": 36,
        "total_loss": 0.6699999999999999,
        "retrieval_loss": 0.029999999999999916,
        "storage_loss": 0.64,
        "N": 100
      },
      "gamma_inf": {
        "success_frac": 0.3400000000000001,
        "success_ci95": [
          0.25461520797348164,
          0.43722271145275377
        ],
        "success_frac_cond_stored": 0.9166666666666666,
        "success_ci95_cond_stored": [
          0.7817330875072737,
          0.9712513886640066
        ],
        "stored_N": 36,
        "total_loss": 0.6599999999999999,
        "retrieval_loss": 0.019999999999999907,
        "storage_loss": 0.64,
        "N": 100
      }
    },
    "Qwen/Qwen2-1.5B-Instruct": {
      "gamma1": {
        "success_frac": 0.36,
        "success_ci95": [
          0.2727122040140433,
          0.4576459754839126
        ],
        "success_frac_cond_stored": 0.8205128205128205,
        "success_ci95_cond_stored": [
          0.6733195433811838,
          0.9102273452678089
        ],
        "stored_N": 39,
        "total_loss": 0.64,
        "retrieval_loss": 0.030000000000000027,
        "storage_loss": 0.61,
        "N": 100
      },
      "gamma2": {
        "success_frac": 0.4099999999999999,
        "success_ci95": [
          0.3186731302113651,
          0.5079856994658921
        ],
        "success_frac_cond_stored": 0.8461538461538461,
        "success_ci95_cond_stored": [
          0.7027053635107331,
          0.927525276230179
        ],
        "stored_N": 39,
        "total_loss": 0.5900000000000001,
        "retrieval_loss": 0.0,
        "storage_loss": 0.61,
        "N": 100
      },
      "gamma3": {
        "success_frac": 0.38,
        "success_ci95": [
          0.29097599252478734,
          0.47790244704488916
        ],
        "success_frac_cond_stored": 0.9230769230769231,
        "success_ci95_cond_stored": [
          0.7967892883204503,
          0.9734926046962203
        ],
        "stored_N": 39,
        "total_loss": 0.62,
        "retrieval_loss": 0.010000000000000009,
        "storage_loss": 0.61,
        "N": 100
      },
      "gamma_inf": {
        "success_frac": 0.41999999999999993,
        "success_ci95": [
          0.3279838267435473,
          0.5179351329695703
        ],
        "success_frac_cond_stored": 0.9487179487179487,
        "success_ci95_cond_stored": [
          0.8311435995238639,
          0.9858220445847259
        ],
        "stored_N": 39,
        "total_loss": 0.5800000000000001,
        "retrieval_loss": 0.0,
        "storage_loss": 0.61,
        "N": 100
      }
    },
    "Qwen/Qwen2-7B-Instruct": {
      "gamma1": {
        "success_frac": 0.36,
        "success_ci95": [
          0.2727122040140433,
          0.4576459754839126
        ],
        "success_frac_cond_stored": 0.813953488372093,
        "success_ci95_cond_stored": [
          0.6738299634272562,
          0.9025824857100377
        ],
        "stored_N": 43,
        "total_loss": 0.64,
        "retrieval_loss": 0.06999999999999995,
        "storage_loss": 0.5700000000000001,
        "N": 100
      },
      "gamma2": {
        "success_frac": 0.43999999999999995,
        "success_ci95": [
          0.34672026630160796,
          0.5377189534832302
        ],
        "success_frac_cond_stored": 0.9069767441860465,
        "success_ci95_cond_stored": [
          0.783972963587464,
          0.9632283593682872
        ],
        "stored_N": 43,
        "total_loss": 0.56,
        "retrieval_loss": 0.0,
        "storage_loss": 0.5700000000000001,
        "N": 100
      },
      "gamma3": {
        "success_frac": 0.41999999999999993,
        "success_ci95": [
          0.3279838267435473,
          0.5179351329695703
        ],
        "success_frac_cond_stored": 0.9534883720930233,
        "success_ci95_cond_stored": [
          0.8454450199593603,
          0.9871507399056197
        ],
        "stored_N": 43,
        "total_loss": 0.5800000000000001,
        "retrieval_loss": 0.010000000000000009,
        "storage_loss": 0.5700000000000001,
        "N": 100
      },
      "gamma_inf": {
        "success_frac": 0.43999999999999995,
        "success_ci95": [
          0.34672026630160796,
          0.5377189534832302
        ],
        "success_frac_cond_stored": 0.9767441860465116,
        "success_ci95_cond_stored": [
          0.8794100655939282,
          0.9958829127256662
        ],
        "stored_N": 43,
        "total_loss": 0.56,
        "retrieval_loss": 0.0,
        "storage_loss": 0.5700000000000001,
        "N": 100
      }
    }
  },
  "storage_betas": [
    {
      "beta": 0.5,
      "loss": 0.64
    },
    {
      "beta": 1.5,
      "loss": 0.61
    },
    {
      "beta": 7.0,
      "loss": 0.5700000000000001
    }
  ]
}