{
  "storage": {
    "Qwen/Qwen2-0.5B-Instruct": {
      "stored_frac": 0.35,
      "loss": 0.65,
      "N": 100,
      "stored_ci95": [
        0.26364248243097527,
        0.44745556703112027
      ],
      "oracle_params": {
        "method": "mc_oracle",
        "chains": 8,
        "max_new_tokens": 64,
        "temperature": 0.9,
        "top_p": 0.95
      }
    },
    "Qwen/Qwen2-1.5B-Instruct": {
      "stored_frac": 0.51,
      "loss": 0.49,
      "N": 100,
      "stored_ci95": [
        0.4134801193402717,
        0.6057800106955886
      ],
      "oracle_params": {
        "method": "mc_oracle",
        "chains": 8,
        "max_new_tokens": 64,
        "temperature": 0.9,
        "top_p": 0.95
      }
    },
    "Qwen/Qwen2-7B-Instruct": {
      "stored_frac": 0.44999999999999996,
      "loss": 0.55,
      "N": 100,
      "stored_ci95": [
        0.3561453797951198,
        0.5475539700255787
      ],
      "oracle_params": {
        "method": "mc_oracle",
        "chains": 8,
        "max_new_tokens": 64,
        "temperature": 0.9,
        "top_p": 0.95
      }
    }
  },
  "retrieval": {
    "Qwen/Qwen2-0.5B-Instruct": {
      "gamma1": {
        "success_frac": 0.35,
        "success_ci95": [
          0.26364248243097527,
          0.44745556703112027
        ],
        "success_frac_cond_stored": 0.8285714285714286,
        "success_ci95_cond_stored": [
          0.6731771770095504,
          0.9189735994629841
        ],
        "stored_N": 35,
        "total_loss": 0.65,
        "retrieval_loss": 0.0,
        "storage_loss": 0.65,
        "N": 100
      },
      "gamma2": {
        "success_frac": 0.45999999999999996,
        "success_ci95": [
          0.36560808309024106,
          0.5573513967663177
        ],
        "success_frac_cond_stored": 0.9714285714285714,
        "success_ci95_cond_stored": [
          0.8546691276638632,
          0.9949385081445556
        ],
        "stored_N": 35,
        "total_loss": 0.54,
        "retrieval_loss": 0.0,
        "storage_loss": 0.65,
        "N": 100
      },
      "gamma3": {
        "success_frac": 0.3400000000000001,
        "success_ci95": [
          0.25461520797348164,
          0.43722271145275377
        ],
        "success_frac_cond_stored": 0.8857142857142857,
        "success_ci95_cond_stored": [
          0.7404853135378618,
          0.9546482066690264
        ],
        "stored_N": 35,
        "total_loss": 0.6599999999999999,
        "retrieval_loss": 0.009999999999999898,
        "storage_loss": 0.65,
        "N": 100
      },
      "gamma_inf": {
        "success_frac": 0.35,
        "success_ci95": [
          0.26364248243097527,
          0.44745556703112027
        ],
        "success_frac_cond_stored": 0.9428571428571428,
        "success_ci95_cond_stored": [
          0.8139294257983507,
          0.9841868381428913
        ],
        "stored_N": 35,
        "total_loss": 0.65,
        "retrieval_loss": 0.0,
        "storage_loss": 0.65,
        "N": 100
      }
    },
    "Qwen/Qwen2-1.5B-Instruct": {
      "gamma1": {
        "success_frac": 0.38,
        "success_ci95": [
          0.29097599252478734,
          0.47790244704488916
        ],
        "success_frac_cond_stored": 0.7254901960784313,
        "success_ci95_cond_stored": [
          0.5905334923922092,
          0.8288572476535512
        ],
        "stored_N": 51,
        "total_loss": 0.62,
        "retrieval_loss": 0.13,
        "storage_loss": 0.49,
        "N": 100
      },
      "gamma2": {
        "success_frac": 0.49,
        "success_ci95": [
          0.3942199893044113,
          0.5865198806597283
        ],
        "success_frac_cond_stored": 0.803921568627451,
        "success_ci95_cond_stored": [
          0.6754192051863439,
          0.889846574875333
        ],
        "stored_N": 51,
        "total_loss": 0.51,
        "retrieval_loss": 0.020000000000000018,
        "storage_loss": 0.49,
        "N": 100
      },
      "gamma3": {
        "success_frac": 0.41999999999999993,
        "success_ci95": [
          0.3279838267435473,
          0.5179351329695703
        ],
        "success_frac_cond_stored": 0.803921568627451,
        "success_ci95_cond_stored": [
          0.6754192051863439,
          0.889846574875333
        ],
        "stored_N": 51,
        "total_loss": 0.5800000000000001,
        "retrieval_loss": 0.09000000000000008,
        "storage_loss": 0.49,
        "N": 100
      },
      "gamma_inf": {
        "success_frac": 0.47,
        "success_ci95": [
          0.3751081795934127,
          0.5671114302990063
        ],
        "success_frac_cond_stored": 0.9019607843137255,
        "success_ci95_cond_stored": [
          0.7902176531891913,
          0.9573919268923814
        ],
        "stored_N": 51,
        "total_loss": 0.53,
        "retrieval_loss": 0.040000000000000036,
        "storage_loss": 0.49,
        "N": 100
      }
    },
    "Qwen/Qwen2-7B-Instruct": {
      "gamma1": {
        "success_frac": 0.3400000000000001,
        "success_ci95": [
          0.25461520797348164,
          0.43722271145275377
        ],
        "success_frac_cond_stored": 0.7333333333333333,
        "success_ci95_cond_stored": [
          0.5896116224686505,
          0.8403509647893348
        ],
        "stored_N": 45,
        "total_loss": 0.6599999999999999,
        "retrieval_loss": 0.10999999999999988,
        "storage_loss": 0.55,
        "N": 100
      },
      "gamma2": {
        "success_frac": 0.55,
        "success_ci95": [
          0.45244602997442135,
          0.6438546202048803
        ],
        "success_frac_cond_stored": 0.9111111111111111,
        "success_ci95_cond_stored": [
          0.7926642466571064,
          0.9648888832736299
        ],
        "stored_N": 45,
        "total_loss": 0.44999999999999996,
        "retrieval_loss": 0.0,
        "storage_loss": 0.55,
        "N": 100
      },
      "gamma3": {
        "success_frac": 0.44999999999999996,
        "success_ci95": [
          0.3561453797951198,
          0.5475539700255787
        ],
        "success_frac_cond_stored": 0.9333333333333333,
        "success_ci95_cond_stored": [
          0.8214339803640811,
          0.977067967400749
        ],
        "stored_N": 45,
        "total_loss": 0.55,
        "retrieval_loss": 0.0,
        "storage_loss": 0.55,
        "N": 100
      },
      "gamma_inf": {
        "success_frac": 0.43999999999999995,
        "success_ci95": [
          0.34672026630160796,
          0.5377189534832302
        ],
        "success_frac_cond_stored": 0.9555555555555556,
        "success_ci95_cond_stored": [
          0.8517248923056439,
          0.9877258732932802
        ],
        "stored_N": 45,
        "total_loss": 0.56,
        "retrieval_loss": 0.010000000000000009,
        "storage_loss": 0.55,
        "N": 100
      }
    }
  },
  "storage_betas": [
    {
      "beta": 0.5,
      "loss": 0.65
    },
    {
      "beta": 1.5,
      "loss": 0.49
    },
    {
      "beta": 7.0,
      "loss": 0.55
    }
  ]
}