{
  "storage": {
    "Qwen/Qwen2-0.5B-Instruct": {
      "stored_frac": 0.36,
      "loss": 0.64,
      "N": 100,
      "stored_ci95": [
        0.2727122040140433,
        0.4576459754839126
      ],
      "oracle_params": {
        "method": "mc_oracle",
        "chains": 8,
        "max_new_tokens": 64,
        "temperature": 0.9,
        "top_p": 0.95
      }
    },
    "Qwen/Qwen2-1.5B-Instruct": {
      "stored_frac": 0.44999999999999996,
      "loss": 0.55,
      "N": 100,
      "stored_ci95": [
        0.3561453797951198,
        0.5475539700255787
      ],
      "oracle_params": {
        "method": "mc_oracle",
        "chains": 8,
        "max_new_tokens": 64,
        "temperature": 0.9,
        "top_p": 0.95
      }
    },
    "Qwen/Qwen2-7B-Instruct": {
      "stored_frac": 0.44999999999999996,
      "loss": 0.55,
      "N": 100,
      "stored_ci95": [
        0.3561453797951198,
        0.5475539700255787
      ],
      "oracle_params": {
        "method": "mc_oracle",
        "chains": 8,
        "max_new_tokens": 64,
        "temperature": 0.9,
        "top_p": 0.95
      }
    }
  },
  "retrieval": {
    "Qwen/Qwen2-0.5B-Instruct": {
      "gamma1": {
        "success_frac": 0.27,
        "success_ci95": [
          0.1926958414957634,
          0.36432116767944994
        ],
        "success_frac_cond_stored": 0.7222222222222222,
        "success_ci95_cond_stored": [
          0.5600751000260289,
          0.841516620598654
        ],
        "stored_N": 36,
        "total_loss": 0.73,
        "retrieval_loss": 0.08999999999999997,
        "storage_loss": 0.64,
        "N": 100
      },
      "gamma2": {
        "success_frac": 0.4099999999999999,
        "success_ci95": [
          0.3186731302113651,
          0.5079856994658921
        ],
        "success_frac_cond_stored": 0.9444444444444444,
        "success_ci95_cond_stored": [
          0.8185534279135275,
          0.9846300133358382
        ],
        "stored_N": 36,
        "total_loss": 0.5900000000000001,
        "retrieval_loss": 0.0,
        "storage_loss": 0.64,
        "N": 100
      },
      "gamma3": {
        "success_frac": 0.3400000000000001,
        "success_ci95": [
          0.25461520797348164,
          0.43722271145275377
        ],
        "success_frac_cond_stored": 0.9444444444444444,
        "success_ci95_cond_stored": [
          0.8185534279135275,
          0.9846300133358382
        ],
        "stored_N": 36,
        "total_loss": 0.6599999999999999,
        "retrieval_loss": 0.019999999999999907,
        "storage_loss": 0.64,
        "N": 100
      },
      "gamma_inf": {
        "success_frac": 0.3400000000000001,
        "success_ci95": [
          0.25461520797348164,
          0.43722271145275377
        ],
        "success_frac_cond_stored": 0.9166666666666666,
        "success_ci95_cond_stored": [
          0.7817330875072737,
          0.9712513886640066
        ],
        "stored_N": 36,
        "total_loss": 0.6599999999999999,
        "retrieval_loss": 0.019999999999999907,
        "storage_loss": 0.64,
        "N": 100
      }
    },
    "Qwen/Qwen2-1.5B-Instruct": {
      "gamma1": {
        "success_frac": 0.35,
        "success_ci95": [
          0.26364248243097527,
          0.44745556703112027
        ],
        "success_frac_cond_stored": 0.6444444444444445,
        "success_ci95_cond_stored": [
          0.4983581419637687,
          0.7678091739578413
        ],
        "stored_N": 45,
        "total_loss": 0.65,
        "retrieval_loss": 0.09999999999999998,
        "storage_loss": 0.55,
        "N": 100
      },
      "gamma2": {
        "success_frac": 0.49,
        "success_ci95": [
          0.3942199893044113,
          0.5865198806597283
        ],
        "success_frac_cond_stored": 0.8888888888888888,
        "success_ci95_cond_stored": [
          0.7650090300423141,
          0.9515952820543282
        ],
        "stored_N": 45,
        "total_loss": 0.51,
        "retrieval_loss": 0.0,
        "storage_loss": 0.55,
        "N": 100
      },
      "gamma3": {
        "success_frac": 0.4099999999999999,
        "success_ci95": [
          0.3186731302113651,
          0.5079856994658921
        ],
        "success_frac_cond_stored": 0.8666666666666667,
        "success_ci95_cond_stored": [
          0.7382269817382293,
          0.9374285125243192
        ],
        "stored_N": 45,
        "total_loss": 0.5900000000000001,
        "retrieval_loss": 0.040000000000000036,
        "storage_loss": 0.55,
        "N": 100
      },
      "gamma_inf": {
        "success_frac": 0.43999999999999995,
        "success_ci95": [
          0.34672026630160796,
          0.5377189534832302
        ],
        "success_frac_cond_stored": 0.9333333333333333,
        "success_ci95_cond_stored": [
          0.8214339803640811,
          0.977067967400749
        ],
        "stored_N": 45,
        "total_loss": 0.56,
        "retrieval_loss": 0.010000000000000009,
        "storage_loss": 0.55,
        "N": 100
      }
    },
    "Qwen/Qwen2-7B-Instruct": {
      "gamma1": {
        "success_frac": 0.32000000000000006,
        "success_ci95": [
          0.23669147324999093,
          0.41662618610452384
        ],
        "success_frac_cond_stored": 0.6888888888888889,
        "success_ci95_cond_stored": [
          0.5433519442263318,
          0.804713007363466
        ],
        "stored_N": 45,
        "total_loss": 0.6799999999999999,
        "retrieval_loss": 0.1299999999999999,
        "storage_loss": 0.55,
        "N": 100
      },
      "gamma2": {
        "success_frac": 0.58,
        "success_ci95": [
          0.4820648670304296,
          0.6720161732564526
        ],
        "success_frac_cond_stored": 0.9111111111111111,
        "success_ci95_cond_stored": [
          0.7926642466571064,
          0.9648888832736299
        ],
        "stored_N": 45,
        "total_loss": 0.42000000000000004,
        "retrieval_loss": 0.0,
        "storage_loss": 0.55,
        "N": 100
      },
      "gamma3": {
        "success_frac": 0.44999999999999996,
        "success_ci95": [
          0.3561453797951198,
          0.5475539700255787
        ],
        "success_frac_cond_stored": 0.9333333333333333,
        "success_ci95_cond_stored": [
          0.8214339803640811,
          0.977067967400749
        ],
        "stored_N": 45,
        "total_loss": 0.55,
        "retrieval_loss": 0.0,
        "storage_loss": 0.55,
        "N": 100
      },
      "gamma_inf": {
        "success_frac": 0.45999999999999996,
        "success_ci95": [
          0.36560808309024106,
          0.5573513967663177
        ],
        "success_frac_cond_stored": 0.9333333333333333,
        "success_ci95_cond_stored": [
          0.8214339803640811,
          0.977067967400749
        ],
        "stored_N": 45,
        "total_loss": 0.54,
        "retrieval_loss": 0.0,
        "storage_loss": 0.55,
        "N": 100
      }
    }
  },
  "storage_betas": [
    {
      "beta": 0.5,
      "loss": 0.64
    },
    {
      "beta": 1.5,
      "loss": 0.55
    },
    {
      "beta": 7.0,
      "loss": 0.55
    }
  ]
}