{
  "storage": {
    "gpt2": {
      "stored_frac": 0.3400000000000001,
      "loss": 0.6599999999999999,
      "N": 50
    },
    "gpt2-medium": {
      "stored_frac": 0.4,
      "loss": 0.6,
      "N": 50
    },
    "gpt2-large": {
      "stored_frac": 0.43999999999999995,
      "loss": 0.56,
      "N": 50
    },
    "EleutherAI/pythia-410m": {
      "stored_frac": 0.45999999999999996,
      "loss": 0.54,
      "N": 50
    },
    "EleutherAI/gpt-neo-2.7B": {
      "stored_frac": 0.54,
      "loss": 0.45999999999999996,
      "N": 50
    }
  },
  "retrieval": {
    "gpt2": {
      "gamma1": {
        "success_frac": 0.040000000000000036,
        "total_loss": 0.96,
        "retrieval_loss": 0.30000000000000004,
        "storage_loss": 0.6599999999999999,
        "N": 50
      },
      "gamma2": {
        "success_frac": 0.0,
        "total_loss": 1.0,
        "retrieval_loss": 0.3400000000000001,
        "storage_loss": 0.6599999999999999,
        "N": 50
      },
      "gamma3": {
        "success_frac": 0.0,
        "total_loss": 1.0,
        "retrieval_loss": 0.3400000000000001,
        "storage_loss": 0.6599999999999999,
        "N": 50
      },
      "gamma_inf": {
        "success_frac": 0.020000000000000018,
        "total_loss": 0.98,
        "retrieval_loss": 0.32000000000000006,
        "storage_loss": 0.6599999999999999,
        "N": 50
      }
    },
    "gpt2-medium": {
      "gamma1": {
        "success_frac": 0.020000000000000018,
        "total_loss": 0.98,
        "retrieval_loss": 0.38,
        "storage_loss": 0.6,
        "N": 50
      },
      "gamma2": {
        "success_frac": 0.0,
        "total_loss": 1.0,
        "retrieval_loss": 0.4,
        "storage_loss": 0.6,
        "N": 50
      },
      "gamma3": {
        "success_frac": 0.0,
        "total_loss": 1.0,
        "retrieval_loss": 0.4,
        "storage_loss": 0.6,
        "N": 50
      },
      "gamma_inf": {
        "success_frac": 0.020000000000000018,
        "total_loss": 0.98,
        "retrieval_loss": 0.38,
        "storage_loss": 0.6,
        "N": 50
      }
    },
    "gpt2-large": {
      "gamma1": {
        "success_frac": 0.0,
        "total_loss": 1.0,
        "retrieval_loss": 0.43999999999999995,
        "storage_loss": 0.56,
        "N": 50
      },
      "gamma2": {
        "success_frac": 0.020000000000000018,
        "total_loss": 0.98,
        "retrieval_loss": 0.41999999999999993,
        "storage_loss": 0.56,
        "N": 50
      },
      "gamma3": {
        "success_frac": 0.020000000000000018,
        "total_loss": 0.98,
        "retrieval_loss": 0.41999999999999993,
        "storage_loss": 0.56,
        "N": 50
      },
      "gamma_inf": {
        "success_frac": 0.020000000000000018,
        "total_loss": 0.98,
        "retrieval_loss": 0.41999999999999993,
        "storage_loss": 0.56,
        "N": 50
      }
    },
    "EleutherAI/pythia-410m": {
      "gamma1": {
        "success_frac": 0.0,
        "total_loss": 1.0,
        "retrieval_loss": 0.45999999999999996,
        "storage_loss": 0.54,
        "N": 50
      },
      "gamma2": {
        "success_frac": 0.040000000000000036,
        "total_loss": 0.96,
        "retrieval_loss": 0.41999999999999993,
        "storage_loss": 0.54,
        "N": 50
      },
      "gamma3": {
        "success_frac": 0.0,
        "total_loss": 1.0,
        "retrieval_loss": 0.45999999999999996,
        "storage_loss": 0.54,
        "N": 50
      },
      "gamma_inf": {
        "success_frac": 0.020000000000000018,
        "total_loss": 0.98,
        "retrieval_loss": 0.43999999999999995,
        "storage_loss": 0.54,
        "N": 50
      }
    },
    "EleutherAI/gpt-neo-2.7B": {
      "gamma1": {
        "success_frac": 0.0,
        "total_loss": 1.0,
        "retrieval_loss": 0.54,
        "storage_loss": 0.45999999999999996,
        "N": 50
      },
      "gamma2": {
        "success_frac": 0.0,
        "total_loss": 1.0,
        "retrieval_loss": 0.54,
        "storage_loss": 0.45999999999999996,
        "N": 50
      },
      "gamma3": {
        "success_frac": 0.020000000000000018,
        "total_loss": 0.98,
        "retrieval_loss": 0.52,
        "storage_loss": 0.45999999999999996,
        "N": 50
      },
      "gamma_inf": {
        "success_frac": 0.0,
        "total_loss": 1.0,
        "retrieval_loss": 0.54,
        "storage_loss": 0.45999999999999996,
        "N": 50
      }
    }
  },
  "storage_betas": [
    {
      "beta": 0.4,
      "loss": 0.6599999999999999
    },
    {
      "beta": 1.0,
      "loss": 0.6
    },
    {
      "beta": 7.0,
      "loss": 0.56
    },
    {
      "beta": 34.0,
      "loss": 0.54
    },
    {
      "beta": 70.0,
      "loss": 0.45999999999999996
    }
  ]
}