{
  "PM@mask0.40": {
    "bpc_mean": 1.2978015868526278,
    "bpc_std": 0.021106993332557573,
    "bpt_mean": NaN,
    "bpt_std": NaN,
    "charF_mean": 0.6311747617174629,
    "charF_std": 0.10360456097599023,
    "chrf_mean": 0.5368476999422244,
    "chrf_std": 0.09985103637151074,
    "bertscore_f1_mean": 0.8768723159440688,
    "bertscore_f1_std": 0.029014333293082718,
    "sem_span_fid_mean": 0.6484937210730232,
    "sem_span_fid_std": 0.07699338658683566,
    "cpu_decode_ms_mean": 53.76850311991502,
    "cpu_decode_ms_std": 3.0519954453987417,
    "num_runs": 6
  },
  "PM@mask0.20": {
    "bpc_mean": 0.8631450854582665,
    "bpc_std": 0.002244145774984198,
    "bpt_mean": NaN,
    "bpt_std": NaN,
    "charF_mean": 0.46106064695340176,
    "charF_std": 0.01528177594539491,
    "chrf_mean": 0.31761463998491246,
    "chrf_std": 0.03236395561870647,
    "bertscore_f1_mean": 0.8335546924041544,
    "bertscore_f1_std": 0.012358052125018532,
    "sem_span_fid_mean": 0.4812619085008376,
    "sem_span_fid_std": 0.037504987504543494,
    "cpu_decode_ms_mean": 31.528878708992476,
    "cpu_decode_ms_std": 1.717226727409693,
    "num_runs": 3
  },
  "PM@mask0.60": {
    "bpc_mean": 1.5271346129026309,
    "bpc_std": 0.012394595375479482,
    "bpt_mean": NaN,
    "bpt_std": NaN,
    "charF_mean": 0.8904583978309594,
    "charF_std": 0.019115858420711236,
    "chrf_mean": 0.8563204233904912,
    "chrf_std": 0.01840542326106299,
    "bertscore_f1_mean": 0.9569612620663603,
    "bertscore_f1_std": 0.010778991322668385,
    "sem_span_fid_mean": 0.8643760469011723,
    "sem_span_fid_std": 0.014715964181355509,
    "cpu_decode_ms_mean": 80.23586394998496,
    "cpu_decode_ms_std": 1.8733724425278684,
    "num_runs": 3
  },
  "PM@mask0.80": {
    "bpc_mean": 1.5407341851503586,
    "bpc_std": 0.03389283006639208,
    "bpt_mean": NaN,
    "bpt_std": NaN,
    "charF_mean": 0.9683333664465897,
    "charF_std": 0.007922219471481712,
    "chrf_mean": 0.9640317906661565,
    "chrf_std": 0.0019000386510805707,
    "bertscore_f1_mean": 0.9861478996236919,
    "bertscore_f1_std": 0.007269927687335281,
    "sem_span_fid_mean": 0.948110343383584,
    "sem_span_fid_std": 0.008299638906632817,
    "cpu_decode_ms_mean": 122.23028522328018,
    "cpu_decode_ms_std": 29.61114998796581,
    "num_runs": 3
  },
  "VQ@K1024": {
    "bpc_mean": 0.41935732527797837,
    "bpc_std": 0.3932019362134761,
    "bpt_mean": NaN,
    "bpt_std": NaN,
    "charF_mean": 0.2653642931512865,
    "charF_std": 0.05893802075483075,
    "chrf_mean": 0.08121362524047517,
    "chrf_std": 0.06122398852616334,
    "bertscore_f1_mean": 0.6252290991042855,
    "bertscore_f1_std": 0.283058825988745,
    "sem_span_fid_mean": 0.04320415573560534,
    "sem_span_fid_std": 0.38267348909341786,
    "cpu_decode_ms_mean": 16.121001715880205,
    "cpu_decode_ms_std": 9.87469495116621,
    "num_runs": 21
  },
  "VQ@K2048": {
    "bpc_mean": 0.4377382996382839,
    "bpc_std": 0.3621918484465714,
    "bpt_mean": NaN,
    "bpt_std": NaN,
    "charF_mean": 0.27100345277220195,
    "charF_std": 0.043409049564604424,
    "chrf_mean": 0.09272653802535896,
    "chrf_std": 0.0563358830636667,
    "bertscore_f1_mean": 0.686183644939028,
    "bertscore_f1_std": 0.2010761229569314,
    "sem_span_fid_mean": 0.06791830213939289,
    "sem_span_fid_std": 0.3412733186403561,
    "cpu_decode_ms_mean": 16.894374770406355,
    "cpu_decode_ms_std": 10.84172531947211,
    "num_runs": 21
  },
  "VQ@K256": {
    "bpc_mean": 0.31622306316747717,
    "bpc_std": 0.30122777069423823,
    "bpt_mean": NaN,
    "bpt_std": NaN,
    "charF_mean": 0.2702416015642904,
    "charF_std": 0.03961067588610729,
    "chrf_mean": 0.09807184836057034,
    "chrf_std": 0.06270178508093292,
    "bertscore_f1_mean": 0.6784299501226445,
    "bertscore_f1_std": 0.19484889313374562,
    "sem_span_fid_mean": 0.023709639007909435,
    "sem_span_fid_std": 0.34954605156198354,
    "cpu_decode_ms_mean": 16.539234839958503,
    "cpu_decode_ms_std": 11.646280150290899,
    "num_runs": 21
  },
  "VQ@K512": {
    "bpc_mean": 0.36399055573702815,
    "bpc_std": 0.33198425548579696,
    "bpt_mean": NaN,
    "bpt_std": NaN,
    "charF_mean": 0.26260707240751374,
    "charF_std": 0.05381967946156788,
    "chrf_mean": 0.0928346181464038,
    "chrf_std": 0.05568397504052148,
    "bertscore_f1_mean": 0.6689527451445204,
    "bertscore_f1_std": 0.2221254942355404,
    "sem_span_fid_mean": 0.022394765974679515,
    "sem_span_fid_std": 0.3460178157641223,
    "cpu_decode_ms_mean": 16.390314868573927,
    "cpu_decode_ms_std": 10.304960184834602,
    "num_runs": 21
  }
}