{
  "dataset": {
    "name": "wikitext",
    "config": "wikitext-103-raw-v1",
    "num_train_samples_used": 1801350,
    "num_test_samples_used": 4358,
    "total_test_set_chars": 1285622
  },
  "unigram": {
    "entropy_bits_per_token": 10.846892636266197,
    "avg_token_len_bytes": 4.294170388086464,
    "entropy_bits_per_byte": 2.5259576719077765
  },
  "ngram": {
    "order_6": {
      "bpc": 1.7923548195916956
    }
  },
  "mutual_information": {
    "adjacent_token_bits": 4.984976488531861
  }
}